<?xml version="1.0" encoding="UTF-8"?>
<Comprobante serie="ABCD" version="2.2" folio="2"
	fecha="2010-05-03T14:11:36" noCertificado="20001000000100000377"
	subTotal="2000.00" total="2320.00" noAprobacion="49"
	anoAprobacion="2008" formaDePago="UNA SOLA EXHIBICIÓN" descuento="0.00"
	metodoDePago="EFECTIVO" tipoDeComprobante="ingreso"
	xsi:schemaLocation="http://www.sat.gob.mx/cfd/2 http://www.sat.gob.mx/sitio_internet/cfd/2/cfdv22.xsd "
	xmlns="http://www.sat.gob.mx/cfd/2"
	xmlns:xsi="http://www.w3.org/2001/XMLSchema-instance"
	LugarExpedicion="México">
	<Emisor rfc="PAMC660606ER9"
		nombre="CONTRIBUYENTE PRUEBASEIS PATERNOSEIS MATERNOSEIS">
		<DomicilioFiscal calle="PRUEBA SEIS" noExterior="6"
			noInterior="6" colonia="PUEBLA CENTRO" localidad="PUEBLA"
			municipio="PUEBLA" estado="PUEBLA" pais="MÉXICO"
			codigoPostal="72000" />
		<ExpedidoEn pais="México" />
		<RegimenFiscal Regimen="simplificado" />
	</Emisor>
	<Receptor rfc="CAUR390312S87"
		nombre="ROSA MARÍA CALDERÓN UIRIEGAS">
		<Domicilio calle="TOPOCHICO" noExterior="52"
			colonia="JARDINES DEL VALLE" estado="NUEVO LEON" pais="México"
			codigoPostal="95465" />
	</Receptor>
	<Conceptos>
		<Concepto cantidad="1.00" unidad="Servicio"
			noIdentificacion="01" descripcion="Asesoria Fiscal y administrativa"
			valorUnitario="2000.00" importe="2000.00" />
	</Conceptos>
	<Impuestos totalImpuestosTrasladados="320.00">
		<Traslados>
			<Traslado impuesto="IVA" importe="320.00" tasa="16.00" />
		</Traslados>
	</Impuestos>
</Comprobante>
